{
  "model_type": "YAMNet-based Classifier",
  "input_dim": 1024,
  "num_classes": 8,
  "sample_rate": 16000,
  "duration": 3.0,
  "class_weights": {
    "0": 1.0054347826086956,
    "1": 0.7364649681528662,
    "2": 1.8649193548387097,
    "3": 0.765728476821192,
    "4": 1.2706043956043955,
    "5": 0.7708333333333334,
    "6": 1.0511363636363635,
    "7": 1.2991573033707866
  }
}